{"cameraMode":{"drawMode":0,"name":"Shaded","section":"Shading Mode"},"sceneLighting":true,"audioPlay":false,"sceneViewState":{"m_AlwaysRefresh":false,"showFog":true,"showSkybox":true,"showFlares":true,"showImageEffects":true,"showParticleSystems":true,"showVisualEffectGraphs":true,"m_FxEnabled":true},"in2DMode":false,"pivot":{"x":348.9690246582031,"y":462.20745849609377,"z":-437.0797119140625},"rotation":{"x":-0.21311070024967194,"y":-0.0213979072868824,"z":0.0046684048138558868,"w":-0.9767842292785645},"size":70.71067810058594,"orthographic":false}