{"cameraMode":{"drawMode":0,"name":"Shaded","section":"Shading Mode"},"sceneLighting":true,"audioPlay":false,"sceneViewState":{"m_AlwaysRefresh":false,"showFog":true,"showSkybox":true,"showFlares":true,"showImageEffects":true,"showParticleSystems":true,"showVisualEffectGraphs":true,"m_FxEnabled":false},"in2DMode":false,"pivot":{"x":131.65798950195313,"y":40.218997955322269,"z":-41.06755447387695},"rotation":{"x":0.011689345352351666,"y":-0.011401779018342495,"z":-0.00013313067029230297,"w":-0.9998677968978882},"size":37.075504302978519,"orthographic":false}