{"cameraMode":{"drawMode":0,"name":"Shaded","section":"Shading Mode"},"sceneLighting":true,"audioPlay":false,"sceneViewState":{"m_AlwaysRefresh":false,"showFog":true,"showSkybox":true,"showFlares":true,"showImageEffects":true,"showParticleSystems":true,"showVisualEffectGraphs":true,"m_FxEnabled":false},"in2DMode":false,"pivot":{"x":10.873169898986817,"y":16.103561401367189,"z":-15.419654846191407},"rotation":{"x":-0.24284879863262177,"y":0.24645425379276277,"z":-0.06388725340366364,"w":-0.936147153377533},"size":70.73065185546875,"orthographic":false}