{"cameraMode":{"drawMode":0,"name":"Shaded","section":"Shading Mode"},"sceneLighting":true,"audioPlay":false,"sceneViewState":{"m_AlwaysRefresh":false,"showFog":true,"showSkybox":true,"showFlares":true,"showImageEffects":true,"showParticleSystems":true,"showVisualEffectGraphs":true,"m_FxEnabled":false},"in2DMode":false,"pivot":{"x":58.187862396240237,"y":28.511642456054689,"z":64.07711791992188},"rotation":{"x":0.031189030036330224,"y":-0.012585435062646866,"z":-0.0003202722000423819,"w":-0.9995083212852478},"size":101.14755249023438,"orthographic":false}