{"cameraMode":{"drawMode":0,"name":"Shaded","section":"Shading Mode"},"sceneLighting":true,"audioPlay":false,"sceneViewState":{"m_AlwaysRefresh":false,"showFog":true,"showSkybox":true,"showFlares":true,"showImageEffects":true,"showParticleSystems":true,"showVisualEffectGraphs":true,"m_FxEnabled":false},"in2DMode":false,"pivot":{"x":-31.46999740600586,"y":6.059999465942383,"z":-27.79999542236328},"rotation":{"x":0.010259345173835755,"y":-0.9344151020050049,"z":0.35524797439575198,"w":0.026901090517640115},"size":12.12435531616211,"orthographic":false}