{"cameraMode":{"drawMode":0,"name":"Shaded","section":"Shading Mode"},"sceneLighting":true,"audioPlay":false,"sceneViewState":{"m_AlwaysRefresh":false,"showFog":true,"showSkybox":true,"showFlares":true,"showImageEffects":true,"showParticleSystems":true,"showVisualEffectGraphs":true,"m_FxEnabled":true},"in2DMode":false,"pivot":{"x":355.95306396484377,"y":191.6329803466797,"z":523.6153564453125},"rotation":{"x":-0.0018147289520129562,"y":0.01229113806039095,"z":0.00011650808301055804,"w":-1.0000741481781006},"size":484.53070068359377,"orthographic":false}