{"cameraMode":{"drawMode":0,"name":"Shaded","section":"Shading Mode"},"sceneLighting":true,"audioPlay":false,"sceneViewState":{"m_AlwaysRefresh":false,"showFog":true,"showSkybox":true,"showFlares":true,"showImageEffects":true,"showParticleSystems":true,"showVisualEffectGraphs":true,"m_FxEnabled":true},"in2DMode":false,"pivot":{"x":11.298850059509278,"y":-10.108121871948243,"z":3.2863259315490724},"rotation":{"x":-0.25423046946525576,"y":-0.6741861701011658,"z":0.2680623233318329,"w":-0.6399146318435669},"size":13.309664726257325,"orthographic":false}