{"cameraMode":{"drawMode":0,"name":"Shaded","section":"Shading Mode"},"sceneLighting":true,"audioPlay":false,"sceneViewState":{"m_AlwaysRefresh":false,"showFog":true,"showSkybox":true,"showFlares":true,"showImageEffects":true,"showParticleSystems":true,"showVisualEffectGraphs":true,"m_FxEnabled":true},"in2DMode":false,"pivot":{"x":-7.7198286056518559,"y":26.609397888183595,"z":-4.694061279296875},"rotation":{"x":0.43343454599380495,"y":0.5594508647918701,"z":-0.43589285016059878,"w":0.5564842820167542},"size":3.9027950763702394,"orthographic":false}