{"cameraMode":{"drawMode":0,"name":"Shaded","section":"Shading Mode"},"sceneLighting":true,"audioPlay":false,"sceneViewState":{"m_AlwaysRefresh":false,"showFog":true,"showSkybox":true,"showFlares":true,"showImageEffects":true,"showParticleSystems":true,"showVisualEffectGraphs":true,"m_FxEnabled":true},"in2DMode":false,"pivot":{"x":0.11984171718358994,"y":-22.869260787963868,"z":7.299691200256348},"rotation":{"x":-0.6026793718338013,"y":-0.015439783222973347,"z":0.011960391886532307,"w":-0.7980607748031616},"size":18.2336368560791,"orthographic":false}