{"cameraMode":{"drawMode":0,"name":"Shaded","section":"Shading Mode"},"sceneLighting":true,"audioPlay":false,"sceneViewState":{"m_AlwaysRefresh":false,"showFog":true,"showSkybox":true,"showFlares":true,"showImageEffects":true,"showParticleSystems":true,"showVisualEffectGraphs":true,"m_FxEnabled":false},"in2DMode":false,"pivot":{"x":360.69757080078127,"y":523.9962768554688,"z":10.3641357421875},"rotation":{"x":-0.07165391743183136,"y":-0.008104061707854271,"z":0.000555283622816205,"w":-0.9974364042282105},"size":523.5932006835938,"orthographic":false}