{"cameraMode":{"drawMode":0,"name":"Shaded","section":"Shading Mode"},"sceneLighting":true,"audioPlay":false,"sceneViewState":{"m_AlwaysRefresh":false,"showFog":true,"showSkybox":true,"showFlares":true,"showImageEffects":true,"showParticleSystems":true,"showVisualEffectGraphs":true,"m_FxEnabled":false},"in2DMode":false,"pivot":{"x":791.086669921875,"y":636.4718627929688,"z":-404.5931091308594},"rotation":{"x":-0.04619595780968666,"y":-0.014108764939010144,"z":0.0006215962930582464,"w":-0.998872697353363},"size":385.53167724609377,"orthographic":false}