{"cameraMode":{"drawMode":0,"name":"Shaded","section":"Shading Mode"},"sceneLighting":true,"audioPlay":false,"sceneViewState":{"m_AlwaysRefresh":false,"showFog":true,"showSkybox":true,"showFlares":true,"showImageEffects":true,"showParticleSystems":true,"showVisualEffectGraphs":true,"m_FxEnabled":true},"in2DMode":false,"pivot":{"x":10.39313793182373,"y":4.852612495422363,"z":-18.6185245513916},"rotation":{"x":0.21676762402057649,"y":-0.043881770223379138,"z":0.009776766411960125,"w":0.975243866443634},"size":12.124356269836426,"orthographic":false}