{"cameraMode":{"drawMode":0,"name":"Shaded","section":"Shading Mode"},"sceneLighting":true,"audioPlay":false,"sceneViewState":{"m_AlwaysRefresh":false,"showFog":true,"showSkybox":true,"showFlares":true,"showImageEffects":true,"showParticleSystems":true,"showVisualEffectGraphs":true,"m_FxEnabled":false},"in2DMode":false,"pivot":{"x":4.759361743927002,"y":-6.7410569190979,"z":-12.374964714050293},"rotation":{"x":-0.07464522868394852,"y":-0.009597660973668099,"z":0.0006934577831998467,"w":-0.9972034692764282},"size":11.855303764343262,"orthographic":false}