{"cameraMode":{"drawMode":0,"name":"Shaded","section":"Shading Mode"},"sceneLighting":true,"audioPlay":false,"sceneViewState":{"m_AlwaysRefresh":false,"showFog":true,"showSkybox":true,"showFlares":true,"showImageEffects":true,"showParticleSystems":true,"showVisualEffectGraphs":true,"m_FxEnabled":false},"in2DMode":false,"pivot":{"x":812.947998046875,"y":671.0593872070313,"z":-611.3793334960938},"rotation":{"x":-0.11195854097604752,"y":-0.021488618105649949,"z":0.002394712995737791,"w":-0.9935202598571777},"size":1.1419200897216797,"orthographic":false}