{"cameraMode":{"drawMode":0,"name":"Shaded","section":"Shading Mode"},"sceneLighting":true,"audioPlay":false,"sceneViewState":{"m_AlwaysRefresh":false,"showFog":true,"showSkybox":true,"showFlares":true,"showImageEffects":true,"showParticleSystems":true,"showVisualEffectGraphs":true,"m_FxEnabled":false},"in2DMode":false,"pivot":{"x":0.6283456683158875,"y":0.32079726457595827,"z":0.058655403554439548},"rotation":{"x":-0.08362085372209549,"y":-0.0021167017985135319,"z":0.00015832489589229226,"w":-0.9965362548828125},"size":17.721960067749025,"orthographic":false}