{"cameraMode":{"drawMode":0,"name":"Shaded","section":"Shading Mode"},"sceneLighting":true,"audioPlay":false,"sceneViewState":{"m_AlwaysRefresh":false,"showFog":true,"showSkybox":true,"showFlares":true,"showImageEffects":true,"showParticleSystems":true,"showVisualEffectGraphs":true,"m_FxEnabled":false},"in2DMode":false,"pivot":{"x":664.61962890625,"y":787.148681640625,"z":-1112.2183837890625},"rotation":{"x":-0.03870633244514465,"y":-0.0051197935827076439,"z":0.00016940182831604034,"w":-0.9992790818214417},"size":1.1419200897216797,"orthographic":false}