{"cameraMode":{"drawMode":0,"name":"Shaded","section":"Shading Mode"},"sceneLighting":true,"audioPlay":false,"sceneViewState":{"m_AlwaysRefresh":false,"showFog":true,"showSkybox":true,"showFlares":true,"showImageEffects":true,"showParticleSystems":true,"showVisualEffectGraphs":true,"m_FxEnabled":false},"in2DMode":false,"pivot":{"x":12.17419719696045,"y":-13.938376426696778,"z":10.362913131713868},"rotation":{"x":0.01828390546143055,"y":-0.0021212014835327865,"z":-0.00006314291385933757,"w":-0.9998635053634644},"size":19.667152404785158,"orthographic":false}