{"cameraMode":{"drawMode":0,"name":"Shaded","section":"Shading Mode"},"sceneLighting":true,"audioPlay":false,"sceneViewState":{"m_AlwaysRefresh":false,"showFog":true,"showSkybox":true,"showFlares":true,"showImageEffects":true,"showParticleSystems":true,"showVisualEffectGraphs":true,"m_FxEnabled":false},"in2DMode":false,"pivot":{"x":-3.027787446975708,"y":-3.309103488922119,"z":-0.2707862854003906},"rotation":{"x":-0.07015948742628098,"y":0.002369633177295327,"z":-0.00019646016880869865,"w":-0.9975710511207581},"size":24.117137908935548,"orthographic":false}