{"cameraMode":{"drawMode":0,"name":"Shaded","section":"Shading Mode"},"sceneLighting":true,"audioPlay":false,"sceneViewState":{"m_AlwaysRefresh":false,"showFog":true,"showSkybox":true,"showFlares":true,"showImageEffects":true,"showParticleSystems":true,"showVisualEffectGraphs":true,"m_FxEnabled":true},"in2DMode":false,"pivot":{"x":-12.882493019104004,"y":-15.275280952453614,"z":1.351826786994934},"rotation":{"x":-0.019213594496250154,"y":0.011375375092029572,"z":-0.00025376665871590376,"w":-0.9997902512550354},"size":38.444881439208987,"orthographic":false}