{"cameraMode":{"drawMode":0,"name":"Shaded","section":"Shading Mode"},"sceneLighting":true,"audioPlay":false,"sceneViewState":{"m_AlwaysRefresh":false,"showFog":true,"showSkybox":true,"showFlares":true,"showImageEffects":true,"showParticleSystems":true,"showVisualEffectGraphs":true,"m_FxEnabled":false},"in2DMode":false,"pivot":{"x":11.938334465026856,"y":-14.646162033081055,"z":10.382726669311524},"rotation":{"x":0.009284604340791703,"y":0.0008782835793681443,"z":-0.000016244503058260307,"w":-0.9999898672103882},"size":19.667152404785158,"orthographic":false}