{"cameraMode":{"drawMode":0,"name":"Shaded","section":"Shading Mode"},"sceneLighting":true,"audioPlay":false,"sceneViewState":{"m_AlwaysRefresh":false,"showFog":true,"showSkybox":true,"showFlares":true,"showImageEffects":true,"showParticleSystems":true,"showVisualEffectGraphs":true,"m_FxEnabled":true},"in2DMode":false,"pivot":{"x":138.42396545410157,"y":-1.1327929496765137,"z":0.8754249215126038},"rotation":{"x":-0.08265139907598496,"y":0.04094776138663292,"z":-0.0033873943611979486,"w":-0.9957868456840515},"size":5.301000118255615,"orthographic":false}