{"cameraMode":{"drawMode":0,"name":"Shaded","section":"Shading Mode"},"sceneLighting":true,"audioPlay":false,"sceneViewState":{"m_AlwaysRefresh":false,"showFog":true,"showSkybox":true,"showFlares":true,"showImageEffects":true,"showParticleSystems":true,"showVisualEffectGraphs":true,"m_FxEnabled":true},"in2DMode":false,"pivot":{"x":-6.744801998138428,"y":-2.5464680194854738,"z":18.954326629638673},"rotation":{"x":-0.05578054487705231,"y":0.012578321620821953,"z":-0.0006916656857356429,"w":-0.9984176158905029},"size":13.1777982711792,"orthographic":false}